{"cameraMode":{"drawMode":0,"name":"Shaded","section":"Shading Mode"},"sceneLighting":true,"audioPlay":false,"sceneViewState":{"showFog":true,"showMaterialUpdate":false,"showSkybox":true,"showFlares":true,"showImageEffects":true,"showParticleSystems":true},"in2DMode":false,"pivot":{"x":-2.582388162612915,"y":6.372330188751221,"z":4.131521701812744},"rotation":{"x":-0.41318783164024355,"y":-0.03632069751620293,"z":0.016498848795890809,"w":-0.9097808599472046},"size":4.807394981384277,"orthographic":false}